sample	chrom	reg_start	reg_end	reg_pos	lg_pd_mean	pd_mean	first_pos_start	last_pos_end	reg_reads	pos_cov_mean	pos_len_mean	pos_len_sum	reg_len	chrom_len	p_expected	p_observed	fold_enrichment	log_ratio	p_value
sv.B4_S141	CAXWAE020000002.1	0	6197419	11	5.1035	126911.21444451917	4232262	5700130	51	4.636363636363637	28.272727272727273	311	6197419	6197419	0.002783682839653729	0.00037595269831504835	0.135055866623733	-0.8694865459676326	1.0
sv.B4_S141	CAXWAE020000005.1	0	4559000	19	4.9441	87922.49425494776	223126	4248334	44	2.3157894736842106	191.52631578947367	3639	4559000	4559000	0.0020477573109033537	0.0006493728425441745	0.31711416147146276	-0.49878436310825336	0.9999999997975737
sv.B4_S141	CAXWAE020000006.1	0	4245000	19	5.0646	116037.93726139095	648331	4037079	51	2.6842105263157894	174.6315789473684	3318	4245000	4245000	0.0019067185314289835	0.0006493728425441745	0.34057089803260276	-0.4677924654862625	0.9999999964012479
sv.B4_S141	CAXWAE020000011.1	0	3331000	51	4.0577	11420.8913501606	1080795	2598693	263	5.1568627450980395	224.0392156862745	11426	3331000	3331000	0.0014961788994558173	0.0017430534194606787	1.16500334291217	0.06632717154763948	0.15456547318248404
sv.B4_S141	CAXWAE020000012.1	0	865377	256	3.1531	1422.6563281371814	14799	865377	2534	9.8984375	275.55859375	70543	865377	3298744	0.00038869973205475134	0.008749444615332034	22.509520572809677	1.3523662451204417	1.0160488656694774e-242
sv.B4_S141	CAXWAE020000012.1	865378	3149345	317	3.5305	3392.3448954144324	870135	3139798	1477	4.659305993690852	241.28706624605678	76488	2283967	3298744	0.0010258850892985302	0.010834273215079121	10.560903290335641	1.023701065662859	8.008002170710757e-203
sv.B4_S141	CAXWAE020000012.1	3149346	3298744	43	3.2222	1668.0151850852924	3149346	3285501	272	6.325581395348837	269.27906976744185	11579	149398	3298744	6.710481393602527e-05	0.0014696332752315527	21.90056404347735	1.3404553001284876	9.403885449555305e-42
sv.B4_S141	CAXWAE020000014.1	0	532714	7	4.4507	28229.29290779787	333897	505269	39	5.571428571428571	207.85714285714286	1455	532714	3200000	0.00023927812856340625	0.00023924262620048532	0.9998516272125075	-6.444226372996428e-05	0.5504615561445909
sv.B4_S141	CAXWAE020000014.1	532715	955533	37	3.6838	4828.363964551585	532715	955533	349	9.432432432432432	243.3783783783784	9005	422818	3200000	0.00018991635241972672	0.001264568167059708	6.658553362824362	0.8233798846077872	1.1684019641533272e-18
sv.B4_S141	CAXWAE020000014.1	955534	1623058	8	4.6528	44957.27713019056	975052	1606118	16	2.0	208.5	1668	667524	3200000	0.0002998304784390108	0.00027342014422912606	0.9119157787180834	-0.0400452697055709	0.6488571675104148
sv.B4_S141	CAXWAE020000014.1	1623059	1646151	7	3.4454	2788.6884631591693	1623059	1646151	45	6.428571428571429	197.14285714285714	1380	23092	3200000	1.0372189476503672e-05	0.00023924262620048532	23.065778613324255	1.3629681193285434	3.606751465490756e-08
sv.B4_S141	CAXWAE020000014.1	1646152	3200000	17	4.5354	34308.36327749503	1668101	3166865	70	4.117647058823529	212.47058823529412	3612	1553848	3200000	0.0006979389344225825	0.000581017806486893	0.8324765646833837	-0.07962798361377037	0.8050543526682642
sv.B4_S141	CAXWAE020000016.1	0	2788000	30	4.6137	41086.58070106244	423225	2714214	108	3.6	224.66666666666666	6740	2788000	2788000	0.0012522806279444065	0.0010253255408592228	0.8187665911132668	-0.08683988656542936	0.8836781428573091
sv.B4_S141	CAXWAE020000017.1	0	2706000	11	5.0492	111995.35223848878	404923	2236761	26	2.3636363636363638	198.27272727272728	2181	2706000	2706000	0.0012154488447695712	0.00037595269831504835	0.3093118233094563	-0.5096034789624992	0.9999995655531008
sv.B4_S141	CAXWAE020000018.1	0	2653000	13	5.0108	102517.97048255567	409464	2577567	32	2.4615384615384617	165.3846153846154	2150	2653000	2653000	0.0011916429361321773	0.0004443077343723299	0.3728530761189753	-0.42846226953461236	0.9999928096519903
sv.B4_S141	CAXWAE020000020.1	0	2468000	19	4.9265	84430.6241909012	78207	2313547	45	2.3684210526315788	164.78947368421052	3131	2468000	2468000	0.0011085468399450486	0.0006493728425441745	0.5857874644037272	-0.23225992626749517	0.9957677912691065
sv.B4_S141	CAXWAE020000021.1	0	2463000	15	4.7436	55411.511897168646	158121	2434566	34	2.2666666666666666	195.33333333333334	2930	2463000	2463000	0.0011063009995075587	0.0005126627704296114	0.46340260983024506	-0.33404152464254205	0.9997645215381857
sv.B4_S141	CAXWAE020000022.1	0	2411000	18	4.513	32583.67010020087	526505	2408242	65	3.611111111111111	211.27777777777777	3803	2411000	2411000	0.001082944258957663	0.0006151953245155337	0.5680766294542814	-0.24559307713326767	0.996777574207519
sv.B4_S141	CAXWAE020000029.1	0	2042000	14	4.8904	77696.2395992138	454461	1589967	32	2.2857142857142856	196.64285714285714	2753	2042000	2042000	0.0009172012346709032	0.00047848525240097063	0.521679686326037	-0.2825960739317734	0.997561202728975
sv.B4_S141	CAXWAE020000051.1	0	1280092	32	3.8636	7304.65989520411	355625	1270687	307	9.59375	293.03125	9377	1280092	1280092	0.0005749764754614819	0.0010936805769165042	1.9021309976876972	0.279240423018763	0.0006293174377556669
sv.B4_S141	CAXWAE020000084.1	0	815425	24	4.0071	10164.827197220973	64347	802802	223	9.291666666666666	278.5833333333333	6686	815425	815425	0.00036626288774805157	0.0008202604326873783	2.2395401230266794	0.35015884755900106	0.0003221719395424419
sv.B4_S141	CAXWAE020000090.1	0	774774	12	4.5475	35277.67866188742	134382	770268	30	2.5	19.583333333333332	235	774774	774774	0.0003480037558231706	0.00041013021634368914	1.1785223851207127	0.0713378360262936	0.32411228417187476
sv.B4_S141	CAXWAE020000259.1	0	172884	22	3.3	1995.2623149688789	366	169583	347	15.772727272727273	286.22727272727275	6297	172884	172884	7.765397563900315e-05	0.0007519053966300967	9.682767565250558	0.9859995067432055	7.0144422464133785e-15
sv.B4_S141	CAXWAE020000363.1	0	84000	23	3.2167	1647.0242744164195	1304	83109	97	4.217391304347826	241.7391304347826	5560	84000	84000	3.773011934983148e-05	0.0007860829146587374	20.834360670058377	1.318780178096591	1.296793068186263e-22
sv.B4_S141	CAXWAE020000409.1	0	65427	13	3.3885	2446.2452760512792	4087	53388	72	5.538461538461538	287.0769230769231	3732	65427	65427	2.9387720460731237e-05	0.0004443077343723299	15.118822671735542	1.1795179732368608	1.0144156072358668e-11
sv.B4_S141	OZ183624.2	0	231334465	3195	4.5259	33566.03166999334	221474	231213144	14519	4.544287949921753	30.71674491392801	98140	231334465	231334465	0.10390805921642157	0.10919717010150723	1.0509018349969312	0.021562150366735162	0.0016612276480363938
sv.B4_S141	OZ183625.2	0	148259616	2083	4.5312	33978.171182708335	215324	148232762	10938	5.251080172827653	31.749879980796926	66135	148259616	206948852	0.06659348817190695	0.0711917700536587	1.0690500228773356	0.028998027146400897	0.000923119778945243
sv.B4_S141	OZ183625.2	148259617	155304705	179	4.1696	14777.46706171993	148259617	155304705	1195	6.675977653631285	50.452513966480446	9031	7045088	206948852	0.003164428703215066	0.006117775727126696	1.9332954858205602	0.2862982368811159	1.024683051284052e-15
sv.B4_S141	OZ183625.2	155304706	206948852	778	4.5452	35091.34383585528	155463264	206717165	3640	4.67866323907455	31.30719794344473	24357	51644146	206948852	0.023196902289287166	0.02659010902628251	1.1462784424695536	0.05929012490868003	8.606730844234889e-05
sv.B4_S141	OZ183626.2	0	212178734	3062	4.508	32210.687912834346	36300	211644083	14573	4.759307642064011	30.147942521227957	92313	212178734	212178734	0.09530391615852554	0.10465156020369801	1.0980824757465777	0.040634960711925835	4.118571918783949e-08
sv.B4_S141	OZ183627.2	0	26601778	238	4.6158	41285.733037799815	99521	26578588	1099	4.617647058823529	27.428571428571427	6528	26601778	112351688	0.011948669748306205	0.0081342492908165	0.6807660988345233	-0.16700207962100788	0.9999999999187906
sv.B4_S141	OZ183627.2	26601779	26602148	4	1.3177	20.782605795978597	26601779	26602148	43	10.75	72.0	288	369	112351688	1.657430242867597e-07	0.00013671007211456303	824.8315288252167	2.916365253309782	2.2950604782673228e-11
sv.B4_S141	OZ183627.2	26602149	72126134	771	4.4819	30331.926853535613	26781509	72019620	3737	4.8469520103761345	33.34760051880674	25711	45523985	112351688	0.020447921277737355	0.026350866400082027	1.2886819174510171	0.11014573462028228	4.527507686209934e-12
sv.B4_S141	OZ183627.2	72126135	72150503	11	2.6022	400.12897354069867	72126135	72150503	147	13.363636363636363	64.36363636363636	708	24368	112351688	1.0945327956151112e-05	0.00037595269831504835	34.348235139338016	1.5359044273071376	6.777758181606699e-14
sv.B4_S141	OZ183627.2	72150504	112351688	638	4.4969	31397.856482728206	72225748	112218474	2897	4.540752351097178	29.156739811912225	18602	40201184	112351688	0.018057088932434948	0.021805256502272805	1.2075731909978709	0.08191346280507585	1.6574488868210647e-06
sv.B4_S141	OZ183628.2	0	117723036	1600	4.5359	34347.88498657803	26357	117549600	8276	5.1725	32.23875	51582	117723036	117723036	0.05287743093457747	0.05468402884582522	1.034165765607693	0.014590157054543583	0.08620570017424176
sv.B4_S141	OZ183629.2	0	52626891	902	4.4589	28767.359455385427	4564	52564326	4793	5.3137472283813745	35.65410199556541	32160	52626891	106774127	0.02363831998143538	0.030828121261833964	1.3041587255797018	0.11533045140231926	5.5115404848095054e-15
sv.B4_S141	OZ183629.2	52626892	52948347	23	3.3529	2253.7202141459816	52626892	52948347	120	5.217391304347826	56.91304347826087	1309	321455	106774127	0.00014438732756666758	0.0007860829146587374	5.444265282185388	0.7359392788719084	1.6854879380614202e-10
sv.B4_S141	OZ183629.2	52948348	106774127	785	4.4954	31289.599189635708	52977885	106455078	3426	4.364331210191083	47.27388535031847	37110	53825779	106774127	0.024176822211519674	0.026829351652482996	1.1097137339951755	0.045210960966488106	0.00191948588993064
sv.B4_S141	OZ183630.2	0	100879271	1326	4.5287	33783.13899290578	441073	100842087	7083	5.341628959276018	29.953242835595777	39718	100879271	100879271	0.045311749223261824	0.04531938890597765	1.0001686026879735	7.32170448990773e-05	0.5014005396814518
sv.B4_S141	OZ183631.2	0	95320580	1506	4.4824	30366.86788465786	127759	94302149	7163	4.756308100929615	36.027224435590966	54257	95320580	95320580	0.04281496261779951	0.051471342151132984	1.2021811769545898	0.07996992375840763	6.82673510542049e-13
sv.B4_S141	OZ183632.2	0	87136867	1319	4.5276	33697.67985844033	328123	87015438	5997	4.546626231993935	30.592115238817286	40351	87136867	87136867	0.03913909990095704	0.04508014627977716	1.1517931274314985	0.06137448283472678	1.604450384436331e-07
sv.B4_S141	OZ183633.2	0	79618381	1136	4.5246	33465.70666196801	89021	79420435	4869	4.286091549295775	32.32482394366197	36721	79618381	79618381	0.0357620359234566	0.0388256604805359	1.0856669503838243	0.03569661733932787	0.0027682592794129545
sv.B4_S141	OZ183634.2	0	18698719	288	4.5298	33868.81485634765	53423	18535214	2186	7.590277777777778	34.614583333333336	9969	18698719	79180592	0.008398867851892398	0.00984312519224854	1.1719585741583882	0.06891226071587268	0.004461463795766126
sv.B4_S141	OZ183634.2	18698720	18699568	5	1.8673	73.67158270298778	18698720	18699568	59	11.8	81.0	405	848	79180592	3.808945381982987e-07	0.0001708875901432038	448.6480456021595	2.651905780220185	1.4189245305183312e-12
sv.B4_S141	OZ183634.2	18699569	29330429	187	4.4968	31390.627691376612	18711793	29325141	847	4.529411764705882	35.57219251336898	6652	10630860	79180592	0.004775043054658922	0.006391195871355822	1.338458271097692	0.126604835803483	7.631189445228472e-05
sv.B4_S141	OZ183634.2	29330430	29385009	11	2.9233	838.1080267271636	29330430	29385009	68	6.181818181818182	83.0	913	54579	79180592	2.4515145047553e-05	0.00037595269831504835	15.335528204536338	1.1856987390641731	3.3564917753451823e-10
sv.B4_S141	OZ183634.2	29385010	72917292	702	4.4569	28635.18544478934	29391610	72885679	3930	5.598290598290598	39.56837606837607	27777	43532282	79180592	0.01955331185036334	0.023992617656105813	1.2270360049343756	0.08885730642293233	6.288119668106395e-08
sv.B4_S141	OZ183634.2	72917293	72917769	4	1.4711	29.58693652514006	72917293	72917769	21	5.25	60.0	240	476	79180592	2.1380400964904504e-07	0.00013671007211456303	639.4177187741701	2.805784666748349	6.347870643242063e-11
sv.B4_S141	OZ183634.2	72917770	79180592	68	4.5368	34419.138826842944	72929347	79089847	467	6.867647058823529	38.63235294117647	2627	6262822	79180592	0.0028130597800803602	0.002324071225947572	0.8261720004688917	-0.08292952764545293	0.9523876520761166
sv.B4_S141	OZ183635.2	0	74345968	1141	4.5383	34538.22385498229	159431	74128008	5188	4.546888694127958	30.293602103418053	34565	74345968	74345968	0.033393836259747046	0.03899654807067911	1.1677768246616689	0.06735985212658425	1.0574328166062373e-07
sv.B4_S141	OZ183636.2	0	67855162	868	4.5688	37051.005630192434	997247	67772515	3720	4.285714285714286	28.052995391705068	24350	67855162	67855162	0.03047837334240654	0.02966608564886018	0.9733487189614489	-0.011731538366537722	0.7949189171455917
sv.B4_S141	OZ183637.2	0	57730112	855	4.533	34119.29116219288	89099	57268462	3526	4.123976608187134	30.435087719298245	26022	57730112	57730112	0.02593052399808498	0.02922177791448785	1.1269258545120777	0.0518953428113572	0.0002690570965212161
sv.B4_S141	OZ183638.2	0	56849043	1074	4.3619	23009.119518517622	125571	55371191	5345	4.976722532588455	41.945065176908756	45049	56849043	56849043	0.02553477592040121	0.036706654362760174	1.4375162122896525	0.15761275135695946	2.9129262156462688e-30
sv.B4_S141	OZ183639.2	0	54502275	706	4.537	34434.99307633384	992517	54369861	2974	4.212464589235127	29.24787535410765	20649	54502275	54502275	0.024480682626039717	0.024129327728220375	0.9856476674614616	-0.006278301511947466	0.6564570205535516
sv.B4_S141	OZ183640.2	0	52478002	706	4.5781	37852.97343755959	213347	52404707	3262	4.620396600566572	30.606232294617563	21608	52478002	52478002	0.02357144379405589	0.024129327728220375	1.0236677879827272	0.010159037445755043	0.2697434260869548
sv.B4_S141	OZ183641.2	0	52743892	731	4.5455	35115.59245162905	2885583	52741729	3105	4.2476060191518465	29.560875512995896	21609	52743892	52743892	0.02369087309684073	0.024983765678936395	1.054573445934674	0.023076831636794776	0.07654774265586049
sv.B4_S141	OZ183642.2	0	42979467	607	4.5326	34087.88060102591	178543	42916646	2946	4.85337726523888	31.382207578253706	19049	42979467	42979467	0.019305004994073133	0.020745753443384942	1.0746308249987055	0.03125929383070297	0.03955508966930506
sv.B4_S141	OZ183643.2	0	1891918	20	4.7863	61136.41945007663	83910	1891918	82	4.1	35.8	716	1891918	29885044	0.0008497891897630294	0.0006835503605728152	0.8043763898237265	-0.0945406853648978	0.8607900379147806
sv.B4_S141	OZ183643.2	1891919	27889836	10	6.209	1618080.0376430645	2662048	27103882	45	4.5	24.7	247	25997917	29885044	0.011677434657821579	0.0003417751802864076	0.029268001945742906	-1.5336069247666555	1.0
sv.B4_S141	OZ183643.2	27889837	29885044	8	5.2532	179143.06484060246	27889837	29465595	18	2.25	34.125	273	1995207	29885044	0.0008961833123526096	0.00027342014422912606	0.30509399188806474	-0.5155663446865077	0.9999907699551328
sv.B4_S141	OZ183644.2	0	29388909	389	4.4958	31318.43125111643	139358	27124323	2231	5.73521850899743	30.956298200514137	12042	29388909	29388909	0.013200560049182576	0.013295054513141256	1.0071583677970186	0.0030977653427445647	0.450577103988636
sv.B4_S141	OZ183645.2	0	14526857	185	4.541	34753.616144320615	195120	13407449	957	5.172972972972973	29.94054054054054	5539	14526857	14526857	0.006525000576046843	0.006322840835298541	0.9690176669883485	-0.013668304883592143	0.6759509790533442
sv.B4_S141	OZ183646.2	0	9179381	100	4.6156	41266.72463229359	98525	9030076	353	3.53	24.29	2429	9179381	9179381	0.004123085008185421	0.003417751802864076	0.8289307147630789	-0.08148176794618564	0.9757800596780153
