sample	chrom	reg_start	reg_end	reg_pos	lg_pd_mean	pd_mean	first_pos_start	last_pos_end	reg_reads	pos_cov_mean	pos_len_mean	pos_len_sum	reg_len	chrom_len	p_expected	p_observed	fold_enrichment	log_ratio	p_value
sv.B4_S141	CAXWAE020000012.1	0	865377	256	3.1531	1422.6563281371814	14799	865377	2534	9.8984375	275.55859375	70543	865377	3298744	0.0003886997320547	0.008749444615332	22.50952057280968	1.3523662451204417	1.0160488656694774e-242
sv.B4_S141	CAXWAE020000012.1	865378	3149345	317	3.5305	3392.3448954144324	870135	3139798	1477	4.659305993690852	241.2870662460568	76488	2283967	3298744	0.0010258850892985	0.0108342732150791	10.56090329033564	1.023701065662859	8.008002170710757e-203
sv.B4_S141	CAXWAE020000012.1	3149346	3298744	43	3.2222	1668.0151850852924	3149346	3285501	272	6.325581395348837	269.27906976744185	11579	149398	3298744	6.710481393602527e-05	0.0014696332752315	21.90056404347735	1.3404553001284876	9.403885449555303e-42
sv.B4_S141	CAXWAE020000363.1	0	84000	23	3.2167	1647.0242744164195	1304	83109	97	4.217391304347826	241.7391304347826	5560	84000	84000	3.773011934983148e-05	0.0007860829146587	20.834360670058377	1.318780178096591	1.296793068186263e-22
sv.B4_S141	CAXWAE020000014.1	532715	955533	37	3.6838	4828.363964551585	532715	955533	349	9.432432432432432	243.3783783783784	9005	422818	3200000	0.0001899163524197	0.0012645681670597	6.658553362824362	0.8233798846077872	1.1684019641533272e-18
sv.B4_S141	CAXWAE020000259.1	0	172884	22	3.3	1995.2623149688789	366	169583	347	15.772727272727272	286.22727272727275	6297	172884	172884	7.765397563900315e-05	0.00075190539663	9.682767565250558	0.9859995067432056	7.0144422464133785e-15
sv.B4_S141	CAXWAE020000409.1	0	65427	13	3.3885	2446.2452760512792	4087	53388	72	5.538461538461538	287.0769230769231	3732	65427	65427	2.938772046073124e-05	0.0004443077343723	15.118822671735542	1.1795179732368608	1.0144156072358668e-11
sv.B4_S141	CAXWAE020000014.1	1623059	1646151	7	3.4454	2788.6884631591693	1623059	1646151	45	6.428571428571429	197.14285714285717	1380	23092	3200000	1.0372189476503672e-05	0.0002392426262004	23.06577861332425	1.3629681193285434	3.6067514654907564e-08
sv.B4_S141	CAXWAE020000084.1	0	815425	24	4.0071	10164.827197220971	64347	802802	223	9.291666666666666	278.5833333333333	6686	815425	815425	0.000366262887748	0.0008202604326873	2.23954012302668	0.350158847559001	0.0003221719395424
sv.B4_S141	CAXWAE020000051.1	0	1280092	32	3.8636	7304.65989520411	355625	1270687	307	9.59375	293.03125	9377	1280092	1280092	0.0005749764754614	0.0010936805769165	1.9021309976876968	0.279240423018763	0.0006293174377556
sv.B4_S141	CAXWAE020000011.1	0	3331000	51	4.0577	11420.8913501606	1080795	2598693	263	5.15686274509804	224.0392156862745	11426	3331000	3331000	0.0014961788994558	0.0017430534194606	1.16500334291217	0.0663271715476394	0.154565473182484
sv.B4_S141	CAXWAE020000090.1	0	774774	12	4.5475	35277.67866188742	134382	770268	30	2.5	19.58333333333333	235	774774	774774	0.0003480037558231	0.0004101302163436	1.1785223851207127	0.0713378360262936	0.3241122841718747
sv.B4_S141	CAXWAE020000014.1	0	532714	7	4.4507	28229.29290779787	333897	505269	39	5.571428571428571	207.8571428571429	1455	532714	3200000	0.0002392781285634	0.0002392426262004	0.9998516272125076	-6.444226372996428e-05	0.5504615561445909
sv.B4_S141	CAXWAE020000014.1	955534	1623058	8	4.6528	44957.27713019056	975052	1606118	16	2.0	208.5	1668	667524	3200000	0.000299830478439	0.0002734201442291	0.9119157787180834	-0.0400452697055709	0.6488571675104148
sv.B4_S141	CAXWAE020000014.1	1646152	3200000	17	4.5354	34308.36327749503	1668101	3166865	70	4.117647058823529	212.4705882352941	3612	1553848	3200000	0.0006979389344225	0.0005810178064868	0.8324765646833837	-0.0796279836137703	0.8050543526682642
sv.B4_S141	CAXWAE020000016.1	0	2788000	30	4.6137	41086.58070106244	423225	2714214	108	3.6	224.66666666666663	6740	2788000	2788000	0.0012522806279444	0.0010253255408592	0.8187665911132668	-0.0868398865654293	0.8836781428573091
sv.B4_S141	CAXWAE020000020.1	0	2468000	19	4.9265	84430.6241909012	78207	2313547	45	2.3684210526315788	164.78947368421052	3131	2468000	2468000	0.001108546839945	0.0006493728425441	0.5857874644037272	-0.2322599262674951	0.9957677912691064
sv.B4_S141	CAXWAE020000022.1	0	2411000	18	4.513	32583.67010020087	526505	2408242	65	3.611111111111111	211.27777777777777	3803	2411000	2411000	0.0010829442589576	0.0006151953245155	0.5680766294542814	-0.2455930771332676	0.996777574207519
sv.B4_S141	CAXWAE020000029.1	0	2042000	14	4.8904	77696.2395992138	454461	1589967	32	2.2857142857142856	196.64285714285717	2753	2042000	2042000	0.0009172012346709	0.0004784852524009	0.521679686326037	-0.2825960739317734	0.997561202728975
sv.B4_S141	CAXWAE020000021.1	0	2463000	15	4.7436	55411.511897168646	158121	2434566	34	2.2666666666666666	195.33333333333331	2930	2463000	2463000	0.0011063009995075	0.0005126627704296	0.463402609830245	-0.334041524642542	0.9997645215381856
sv.B4_S141	CAXWAE020000018.1	0	2653000	13	5.0108	102517.97048255568	409464	2577567	32	2.4615384615384617	165.3846153846154	2150	2653000	2653000	0.0011916429361321	0.0004443077343723	0.3728530761189753	-0.4284622695346123	0.9999928096519904
sv.B4_S141	CAXWAE020000017.1	0	2706000	11	5.0492	111995.35223848878	404923	2236761	26	2.363636363636364	198.27272727272728	2181	2706000	2706000	0.0012154488447695	0.000375952698315	0.3093118233094563	-0.5096034789624992	0.9999995655531008
sv.B4_S141	CAXWAE020000006.1	0	4245000	19	5.0646	116037.93726139097	648331	4037079	51	2.6842105263157894	174.6315789473684	3318	4245000	4245000	0.0019067185314289	0.0006493728425441	0.3405708980326027	-0.4677924654862625	0.999999996401248
sv.B4_S141	CAXWAE020000005.1	0	4559000	19	4.9441	87922.49425494776	223126	4248334	44	2.3157894736842106	191.52631578947367	3639	4559000	4559000	0.0020477573109033	0.0006493728425441	0.3171141614714627	-0.4987843631082533	0.9999999997975736
sv.B4_S141	CAXWAE020000002.1	0	6197419	11	5.1035	126911.21444451917	4232262	5700130	51	4.636363636363637	28.272727272727277	311	6197419	6197419	0.0027836828396537	0.000375952698315	0.135055866623733	-0.8694865459676326	1.0
